{"position_id":0,"thumb":"http://www.interactive-novel.com/storage/book/431.jpg","jump_url":"","jump_type":-1,"book_id":"431","score":"9.3","free_status":0,"name":"世家豪門","title":"","category_name":"古代情緣","total_views":"","description":"伯父冷漠，未婚夫背叛，視若親母的伯母二十萬兩銀子將她賣為商人妾，徹底斷送了一生。重生歸來，歷經生死磨難的連月瑤發誓這輩子再不讓人操控自己的命運。這次她要守住愛護她的親人，用雙手為自己畫下一片錦繡前程","finish":2,"tag":"","author":"","is_vip":1,"show_vip_tag":1,"id":431,"updated":0,"chapter_id":0,"is_bookshelf":0,"chapter_title":"","rank_tag":"0","rank_type":0}